Date,Actual_Return,Rolling_GARCH_VaR,Conditional_Vol,Forecasted_Vol
2023-01-03,-1.5355237579958299,-5.966740394572726,2.5648529438560326,2.564853030432015
2023-01-04,-0.28002943292956,-5.9547523038870604,2.5596997955100647,2.559699849852516
2023-01-05,-2.43798980086215,-5.9492723135215995,2.557344220168339,2.557344230374187
2023-01-06,2.6893894125901,-5.9437292035248905,2.5549614745083864,2.554961478396908
2023-01-09,1.98241943969358,-5.945190544185274,2.5555896462469314,2.555589647845119
2023-01-10,0.87340388097916,-5.939009992384129,2.552932885563865,2.5529328862016385
2023-01-11,2.13339837477452,-5.926896001474087,2.5477255862109773,2.547725586362599
2023-01-12,1.09021140874811,-5.922420843254996,2.5458019022682947,2.5458019023473977
2023-01-13,1.01471699096525,-5.914826805378071,2.5425375419421052,2.542537541947276
2023-01-17,1.28573214601179,-5.903636256397259,2.5377271913086425,2.537727191308971
2023-01-18,-1.2200437359785,-5.895851110832289,2.5343806816782095,2.5343806816782135
2023-01-19,-1.18244303825854,-5.88567469731826,2.5300062656127653,2.530006265612764
2023-01-20,3.8677360442547797,-5.876628335046343,2.5261176114811703,2.5261176114811685
2023-01-23,3.57512256352544,-5.895958401471743,2.534426801452748,2.5344268014527542
2023-01-24,-0.22185096922407999,-5.682946557647252,2.443602420911248,2.442861887107209
2023-01-25,-0.58102918839176,-5.66038783215048,2.433966398649056,2.4331648311559047
2023-01-26,2.0923432221375298,-5.5555596900514805,2.3894434442108077,2.3881035816030103
2023-01-27,1.24910505813303,-5.4767216143661885,2.3562454884954063,2.354214378459737
2023-01-30,-3.19733605944029,-5.606197432699417,2.410672160166178,2.409870636828495
2023-01-31,1.83399075781823,-5.875119781332639,2.52546914710893,2.525469147108949
2023-02-01,3.54114512160219,-5.613186652607909,2.4133298470262408,2.4128750111899064
2023-02-02,4.4322802098751595,-5.668453954571228,2.436647712784564,2.43663212102719
2023-02-03,-1.19993947110113,-5.9120522095600485,2.5413448588369882,2.5413448588369882
2023-02-06,-1.24204525310138,-5.697874262703619,2.4494451341830605,2.449278685395609
2023-02-07,3.51470561248194,-5.582207107233668,2.40006507002063,2.3995581957127654
2023-02-08,-1.88613340461823,-5.562332220886485,2.390996772496023,2.391014810362293
2023-02-09,-1.25598019152916,-5.550469804500233,2.3850602011469397,2.385915651926609
2023-02-10,-1.26408433607587,-5.531631044398349,2.377860351101434,2.377817654068205
2023-02-13,2.0366268659645503,-5.645203454196894,2.4270841386450464,2.426637699885889
2023-02-14,1.33435395781842,-5.544818794206664,2.3842160810455786,2.3834865181084783
2023-02-15,0.27842768697076,-5.619697863484065,2.415531590286821,2.4156739093894464
2023-02-16,-2.49276493796246,-5.491735008965487,2.360394014278809,2.3606680111115126
2023-02-17,-1.5732543168264699,-5.846084008583176,2.512987878476056,2.512987878476056
2023-02-21,-2.66756379975684,-5.5196683090169545,2.373440119044881,2.372675372677325
2023-02-22,0.005696802845672988,-5.438146852442143,2.3389372818895784,2.3376326959201257
2023-02-23,3.326769497551,-5.424022739243155,2.333172659467052,2.331561328281349
2023-02-24,-1.9141255402376,-5.834969617227781,2.5082102648270324,2.5082102648270324
2023-02-27,0.73643116242959,-5.539542317928845,2.381615063448479,2.3812183808549325
2023-02-28,-0.41259211119455,-5.419859170681478,2.3302935536437506,2.329771583674303
2023-03-01,-1.2016238166405502,-5.3549525367348245,2.303008722352681,2.301870926738627
2023-03-02,1.71203188034074,-5.3011796506560005,2.279503517071074,2.278756204009983
2023-03-03,2.3441804077878303,-5.214527151754167,2.242779202451905,2.241507905993694
2023-03-06,0.6246437214621899,-5.18153939336634,2.229345950300935,2.2273278434347237
2023-03-07,-1.0345255225704,-5.2758090174636125,2.2701635965695974,2.267850426127194
2023-03-08,1.42415990038672,-5.153629824730381,2.218429954164381,2.2153306830154267
2023-03-09,-1.6899831657641,-5.561517356825302,2.3935040736426156,2.3906645342620263
2023-03-10,-1.63033453779995,-5.530541278434292,2.378945381554075,2.377349209096489
2023-03-13,0.9531845833614,-5.497392258547751,2.3652330308969782,2.3630998269398296
2023-03-14,3.08057237052735,-5.437038925143613,2.343772605850262,2.3371564441475967
2023-03-15,1.27050087696316,-5.520743800849185,2.354419639783826,2.3731376817946463
2023-03-16,4.03417857162437,-5.486439251931014,2.3645558470901733,2.3583915858642106
2023-03-17,0.60258995720877,-5.636172997950417,2.3891606643664782,2.4227558830917433
2023-03-20,-0.23968693667361002,-5.598781932703737,2.4180633492440893,2.4066830224229165
2023-03-21,1.20102409469433,-5.540582987719538,2.3933250719125536,2.381665721427813
2023-03-22,-0.26731202255332,-5.486744421498006,2.3652917313017956,2.358522765543053
2023-03-23,1.79931273092323,-5.398254345456533,2.3307940452297204,2.3204845696958576
2023-03-24,-0.059929393099109995,-5.414312486545461,2.3274698975428074,2.3273872953234886
2023-03-27,-1.50148443209126,-5.30986986064868,2.294890917403444,2.2824917631194577
2023-03-28,-0.77927847013992,-5.089915722117742,2.183476369278404,2.187942645601242
2023-03-29,1.7332076879828602,-5.0142438754315775,2.1487516649444536,2.155414472351416
2023-03-30,1.00127853383264,-4.924259789953709,2.109282916927769,2.11673406411068
2023-03-31,1.52756730424243,-4.867730474586716,2.086003129343077,2.092434467305838
2023-04-03,0.25375552604336,-4.76018680747444,2.0384049219464266,2.046205926719828
2023-04-04,-0.5132909680080799,-4.70094026229721,2.0093382637572508,2.0207383060607045
2023-04-05,-1.3858510589247701,-4.642096035320844,1.986124779774792,1.9954436252294347
2023-04-06,1.45492835330153,-4.646859322697285,1.9916216603069132,1.9974911639615367
2023-04-10,-0.22696639133706,-4.538414175824631,1.9437216613749597,1.9508751147959034
2023-04-11,-1.37128563532251,-4.459625837568932,1.911534644801341,1.9170072917007943
2023-04-12,-0.88523634805195,-4.4775360603859715,1.9226349219728103,1.9247061500774347
2023-04-13,1.92719738789183,-4.371198450186959,1.8775358757311524,1.878996043095754
2023-04-14,-0.02490022369178,-4.327875865615531,1.856156484547874,1.8603734694665668
2023-04-17,-0.21300883742299997,-4.299016490171618,1.846433860465915,1.847968026683934
2023-04-18,0.47926002732462997,-4.19221110685312,1.7998382174218808,1.8020568435327322
2023-04-19,0.40871203254575,-4.113813469115367,1.7639372432996954,1.7683569663077598
2023-04-20,-0.83660185682096,-4.011244940783873,1.7205861221774437,1.7242670305436236
2023-04-21,-0.5011883390328,-3.954657373894097,1.6987743273192448,1.6999423938367828
2023-04-24,-0.32710977587614,-3.3068296802561403,1.4440622761685764,1.4214682667008927
2023-04-25,-2.2036489963218298,-3.1300824459031875,1.3717989582858177,1.3454919966317285
2023-04-26,2.5133115278078098,-3.42439530770456,1.446583681949305,1.4720048303680493
2023-04-27,2.55313675142544,-3.82433185607493,1.6465337746428828,1.643920885070429
2023-04-28,1.0019823298341402,-3.900195906395356,1.6747592441999553,1.676531678652496
2023-05-01,0.6300156541691501,-3.9299162459129056,1.6905796982969945,1.6893072140095213
2023-05-02,-0.9071995770640899,-3.872923777547696,1.6638236096518388,1.6648085270327477
2023-05-03,-1.5163749391795,-3.779542943881256,1.6236151426985128,1.624667998305959
2023-05-04,0.07475504736452,-3.8163653760799954,1.6356751806458028,1.6404964273253813
2023-05-05,3.10506728497431,-3.932424044136088,1.6896149587150675,1.6903852119526348
2023-05-08,0.99815913389328,-3.9004673324179775,1.6752430544083161,1.6766483533878829
2023-05-09,-0.87610479500962,-4.015494280602276,1.7279888103038636,1.7260936446394004
2023-05-10,1.75371105183541,-3.954453629767666,1.7003724766292967,1.6998548127279105
2023-05-11,0.25547917270046,-3.9895312204248037,1.7175899908204555,1.7149332070852463
2023-05-12,-0.4832957050141,-3.917128851714227,1.687884241168259,1.683810446160925
2023-05-15,0.48010188191244,-3.437277874021134,1.496420774336448,1.4775425087438105
2023-05-16,1.16881303079167,-3.342890895395004,1.4587432462670025,1.4369694802301598
2023-05-17,1.38691750565372,-3.292457445004408,1.4285095445635727,1.4152902417321815
2023-05-18,2.3794868348883598,-3.235789801296656,1.3996021145456508,1.3909311833385112
2023-05-19,-0.48864501359525,-3.331532471518986,1.404618658747797,1.432086967170628
2023-05-22,0.52023997146216,-3.268818598102716,1.4245685245924644,1.4051288866031948
2023-05-23,-1.5383215283310099,-3.192336310544948,1.3960262994440464,1.372252338597965
2023-05-24,-0.34937823103154003,-3.2350161623709464,1.3809671916680641,1.3905986282059177
2023-05-25,6.893554253017429,-3.168600459289018,1.383064439278143,1.362049285339769
2023-05-26,2.1214232589732,-4.751607764312339,1.81588077175934,2.0425181535979173
2023-05-30,0.5468088067520199,-4.7665481163706716,2.0489185623963344,2.0489403883053954
2023-05-31,-2.12479039969105,-4.641921820195604,2.012088127427157,1.9953687374075473
2023-06-01,2.0190426487365203,-4.6881239035174325,2.007048050543536,2.0152290875457988
2023-06-02,0.09765988733736,-4.67595108262632,2.0111492556540633,2.0099964991496497
2023-06-05,-0.09457204272984,-4.5615804774768165,1.9765239636328242,1.9608333424155524
2023-06-06,0.17494131657973,-4.114325980585901,1.7630529906011465,1.768577273629916
2023-06-07,-2.75827798945942,-4.018887559158514,1.72029058197901,1.7275522736751103
2023-06-08,1.38682037685102,-3.9967075399821557,1.7126226677967338,1.7180180077882843
2023-06-09,0.65576032796505,-3.974717698507322,1.70542152165574,1.7085654913696466
2023-06-12,1.72932684511761,-4.060185233791198,1.7456779511485678,1.7453044229101902
2023-06-13,0.5122387925108,-4.4790048130777835,1.9303847332490287,1.925337505649059
2023-06-14,1.48839206177408,-4.370897488898537,1.8946772652107644,1.8788666723804879
2023-06-15,0.88181085899976,-4.343477429455556,1.8747073664944742,1.8670799315628503
2023-06-16,-1.12419485660474,-4.377934699518806,1.8977990720364888,1.8818916759488689
2023-06-20,0.094514785909,-4.32831377569175,1.8666840722348608,1.8605617087583364
2023-06-21,-1.76398479909868,-4.296018731275187,1.8645448545764538,1.8466794150666082
2023-06-22,1.1320208405660699,-4.290028071741341,1.8366301182142606,1.8441042801950378
2023-06-23,-0.94770462328004,-4.202094454876141,1.818127481508504,1.8063052829571653
2023-06-26,-2.1896018105987,-4.247563484658306,1.834783044378778,1.8258505239288805
2023-06-27,1.75593577411442,-4.292793429051105,1.8261849608666605,1.8452929920556422
2023-06-28,0.15759047592977998,-4.366820931547501,1.8798885813563282,1.8771143302666857
2023-06-29,-0.18628348935306,-4.265695878249566,1.8530557277203745,1.8336448842623436
2023-06-30,2.16047163128687,-4.200529734578427,1.8235646855778267,1.8056326749112344
2023-07-03,-0.25459463998491,-4.1909643655611495,1.7931886584348515,1.801520921409527
2023-07-05,-0.11755720602359,-4.130695479912453,1.7926691174477805,1.77561383918798
2023-07-06,-0.04734632112832,-4.027182689002023,1.7482632522604364,1.731118004293507
2023-07-07,-0.41228286344656,-3.9867286268925395,1.7314209045099596,1.7137284889244169
2023-07-10,-1.2606112929267,-3.8766472498499374,1.680808614824682,1.6664090925989687
2023-07-11,-0.02340372846922,-3.89045185869505,1.6727229927560932,1.672343118631427
2023-07-12,1.8454855013830902,-3.780221251042866,1.6417749563282387,1.6249595742861378
2023-07-13,2.2024331549502,-3.712733137737776,1.5943350247060641,1.5959492469579792
2023-07-14,0.0948326718756,-3.5699775169257473,1.5299055754115616,1.5345845549422217
2023-07-17,1.1084585650477201,-3.5344575780325926,1.5317793137232802,1.5193160135131805
2023-07-18,1.2242500182125,-3.5375106470805537,1.5285320811430487,1.520628400659587
2023-07-19,-0.55954762522181,-3.449738478099357,1.4916756914815508,1.482898803138672
2023-07-20,-2.50974121650983,-3.4230201698623186,1.4811756660379183,1.4714137159188363
2023-07-21,-0.7882741132883699,-3.772606304766317,1.6218476738261898,1.6216862262363803
2023-07-24,0.52368573255698,-3.51623372414086,1.5187601051226898,1.511482338208172
2023-07-25,1.35482426443172,-3.683254753309607,1.5864041854595283,1.5832777180103481
2023-07-26,-0.36699447203894997,-3.6550848413175343,1.5758674412319336,1.571168646832123
2023-07-27,-0.41363469146171994,-3.68188088759293,1.5992785356756518,1.5826871503948992
2023-07-28,1.8655806176738499,-3.583116954059397,1.5554943496934455,1.540232651377097
2023-07-31,0.042121581055659996,-3.604426411414742,1.5410134925358003,1.5493926990179214
2023-08-01,-0.05479773522567,-3.435069412410613,1.494008111702162,1.4765931831355623
2023-08-02,-3.22217988540058,-3.209865226407016,1.3950766333979443,1.3797872890057132
2023-08-03,0.18293587670935998,-3.673855586049923,1.507752894217392,1.5792374077177358
2023-08-04,-1.1103569548982,-3.395685445331074,1.4732217899326736,1.4596636570234036
2023-08-07,0.45888096904535003,-3.375062518818145,1.4550677618755656,1.4507987203804127
2023-08-08,-0.80748023581591,-3.333809068571574,1.443478536494085,1.433065581365862
2023-08-09,-1.9726368524251698,-3.3260918456049002,1.4354203101589105,1.4297482688294227
2023-08-10,-0.0758084136521,-3.3434814176182255,1.4290645852736392,1.4372233211237815
2023-08-11,-1.1245633534591701,-3.3188513573726275,1.4349201105871334,1.4266358846872798
2023-08-14,2.4778227162482898,-3.2988443452042366,1.4214129902564112,1.4180357039526423
2023-08-15,-0.65634424875849,-3.509115269150658,1.4988928768765026,1.5084224110710336
2023-08-16,-0.9325617033288901,-3.4169936084571453,1.459678018224107,1.4688231483290006
2023-08-17,-0.88533522114599,-3.3383781206814973,1.4271858963931563,1.4350296264516842
2023-08-18,-0.14440804937765,-3.2600625220781847,1.3933925785785004,1.4013650144316085
2023-08-21,2.6354962259243697,-3.2278559856086466,1.3818436162989212,1.3875207666177183
2023-08-22,-0.43097297658792005,-3.2894586127177625,1.4092176740920452,1.4140011687091358
2023-08-23,2.37746471587162,-3.20163089222637,1.371898462574428,1.3762476919091091
2023-08-24,-2.35921549536004,-3.164959908804157,1.3548770426689773,1.360484364407055
2023-08-25,0.19459662346971,-3.1934694366997185,1.3660765584524923,1.3727394223086236
2023-08-28,0.83270402564225,-3.3906821812554298,1.4538579708114014,1.4575129623093952
2023-08-29,2.55666154252416,-3.3323544550942867,1.4296713223237416,1.4324403036533069
2023-08-30,1.01609087618517,-3.3149110189580258,1.4220939794767427,1.424942097417297
2023-08-31,-0.04239623612241,-3.2490777731195393,1.3944439258742014,1.3966431286460725
2023-09-01,0.26215070435503,-3.1879311211815375,1.3694438169232324,1.3703587312778531
2023-09-05,0.53417965855572,-3.1305305407501027,1.345904459966016,1.3456846139319678
2023-09-06,-2.0483546488139397,-3.0589470420970857,1.3158466330786096,1.3149138511188045
2023-09-07,-1.62372589127293,-3.049215178868267,1.3116719312000105,1.3107305286942377
2023-09-08,0.20404019582833002,-3.058114343588217,1.3159442001189767,1.3145559087327323
2023-09-11,0.28342348796622,-3.020968154629962,1.2989992997922528,1.298588310175027
2023-09-12,-1.29764522273616,-2.9949947661727845,1.2872441353104336,1.2874234329238607
2023-09-13,0.61784672238392,-3.2572423616978767,1.40160990285069,1.4001527450149072
2023-09-14,0.56101835369821,-3.169361122278941,1.3638527592858012,1.3623762626583424
2023-09-15,-2.07900086445001,-3.127583718093701,1.3465235261477306,1.3444178976814514
2023-09-18,0.60297757771289,-3.0960083211999057,1.3338517450954739,1.3308449504682949
2023-09-19,-0.13879553018256,-3.021670413665912,1.3018453106924088,1.298890182067785
2023-09-20,-2.40113029738254,-2.9442626319170384,1.2691371323258862,1.265615802679969
2023-09-21,-1.7469353413237299,-2.9705066703527137,1.2811563429413024,1.2768970210774953
2023-09-22,0.2339000116701,-3.0229955331477236,1.303138324206833,1.299459795708375
2023-09-25,0.78106660773056,-2.998197606957106,1.2921187297352488,1.288800200697959
2023-09-26,-1.7457660998531799,-2.9917861007709203,1.2888557965965166,1.2860441613894231
2023-09-27,0.49655888028389006,-3.0542060568407674,1.3150547588011103,1.312875899138698
2023-09-28,1.06041702109267,-3.044220685135944,1.3105148197101388,1.3085836039853171
2023-09-29,0.30919384158428,-3.0084892634175464,1.2953027104374752,1.2932241549032963
2023-10-02,1.9143509936136,-2.986700193185833,1.2856899365952628,1.2838579416748912
2023-10-03,-1.99188151785087,-3.01818950154397,1.299226214743964,1.2973938830143266
2023-10-04,1.6197571218404399,-3.066355968093499,1.3198166767389987,1.3180986396360714
2023-10-05,0.39523964510414,-3.102753474126727,1.335017178816785,1.33374441060583
2023-10-06,2.23653319466623,-3.098704872427731,1.3330971952435013,1.332004085461782
2023-10-09,0.29021745362839996,-3.066197815929188,1.3197213541055168,1.3180306566116597
2023-10-10,0.17785120634954998,-3.0491530500782367,1.3121729789136913,1.3107038221166343
2023-10-11,1.17912829186104,-3.0380034869927193,1.3071591588867606,1.3059110896066204
2023-10-12,0.010033376823070001,-3.0534996947190285,1.313609686694994,1.3125722635003565
2023-10-13,-1.74309315683004,-3.0233520894677954,1.3007865911983194,1.2996130644108124
2023-10-16,0.96180099328386,-3.038515398446702,1.3070901031692264,1.3061311390066672
2023-10-17,-1.33831611914435,-2.9980421299923714,1.2900964055457376,1.2887333676303558
2023-10-18,-1.64857844135875,-3.0376076665704046,1.3068193303348334,1.305740942902969
2023-10-19,-0.02837241642169,-3.0917121687536726,1.3297776524965546,1.3289982135747405
2023-10-20,-1.4413681375773602,-3.092470866507996,1.329976004625635,1.3293243461204314
2023-10-23,0.9241697092665501,-3.120234490862044,1.3418132695648899,1.3412587711751944
2023-10-24,0.8897190542934,-3.130027996329518,1.3459210324076742,1.3454685910292057
2023-10-25,-2.61552290358266,-3.127080690369772,1.3446070933500298,1.3442016670267234
2023-10-26,-3.05064810759854,-3.168528699678008,1.362446684282678,1.3620184388735932
2023-10-27,0.75573428169028,-3.279894932273963,1.4101275259529689,1.4098901410547948
2023-10-30,1.50984007424086,-3.2309472864266855,1.3892666582263102,1.388849588008764
2023-10-31,0.14225553442105,-3.2446417202158178,1.3950696556232458,1.3947362543762256
2023-11-01,3.07619420900049,-3.237642156900066,1.39200445701391,1.3917274338150971
2023-11-02,1.42572530994359,-3.3092089917061527,1.4226834502418397,1.4224910335349343
2023-11-03,1.45025588485074,-3.3153341770043387,1.425271985959843,1.425123995426204
2023-11-06,1.10581917627971,-3.319402841014385,1.4270147829949211,1.4268729445216715
2023-11-07,1.0573211084349599,-3.3232324739494845,1.428631937147863,1.428519144119691
2023-11-08,0.7375402347019699,-3.328971233150726,1.4310681387172128,1.4309859975362753
2023-11-09,-0.27798418122665003,-3.3127520330024773,1.4240959267542708,1.4240140393312128
2023-11-10,2.5920164698591397,-3.094886913155974,1.3322483133290943,1.3303629038851312
2023-11-13,-0.5440904793143699,-3.1655016038372117,1.3622176040729606,1.3607172165265078
2023-11-14,1.5515224711897302,-3.14731142559484,1.3543516876335138,1.3528980169797196
2023-11-15,-0.26372216350992,-3.1529837916623813,1.3564867703910781,1.3553363307550745
2023-11-16,1.3534544745432,-3.1276282832510223,1.3456986589394915,1.3444370543853212
2023-11-17,-0.62630155766578,-3.1353052459833184,1.3487181023291628,1.347737060724855
2023-11-20,1.41277044354379,-3.1322212122279858,1.3472653223845639,1.3464113631412107
2023-11-21,-0.7246871577651001,-3.1406816136851488,1.3507617749470302,1.3500481371385868
2023-11-22,0.35362558637569996,-3.129315508601799,1.3458447877736113,1.3451623222481393
2023-11-24,-0.8387805179150001,-3.1178831294577662,1.3408262532391315,1.3402480189009898
2023-11-27,0.25303261148798,-3.1222804539712836,1.3426576196942615,1.342138245449902
2023-11-28,0.19907303486852002,-3.0935286459232243,1.3303734752424938,1.3297790414078523
2023-11-29,-0.3750268677436,-3.0858367885512963,1.3269870648355764,1.326472632483478
2023-11-30,-0.9765526418193801,-2.867747078283568,1.2356187697156022,1.2327249549751658
2023-12-01,-0.1394782366281,-2.885610107530052,1.2429287125136859,1.240403526802627
2023-12-04,-1.73122022151617,-2.8724612246074264,1.2371039223949907,1.234751370016726
2023-12-05,1.49844296421156,-2.9475252085792842,1.2687841455942428,1.2670182484184815
2023-12-06,-1.12567508219607,-2.9159004961291974,1.2556479019781206,1.2534241025029116
2023-12-07,2.64604226431968,-2.9463300991893853,1.2681617380472183,1.266504520698206
2023-12-08,0.67382645396566,-3.056868353982734,1.3149629573900365,1.314020309728221
2023-12-11,-0.75784729369974,-3.050557392871395,1.3121058226946976,1.3113074905571238
2023-12-12,0.9969712875071699,-3.039390030680355,1.307313464709784,1.3065071069534273
2023-12-13,0.75505613967172,-3.036706569030663,1.3060307923665713,1.3053535986240687
2023-12-14,-0.53888823003454,-3.03163828261953,1.3037853536826487,1.3031749535178536
2023-12-15,0.62093689880429,-2.910870555804289,1.2530483588354377,1.251261940781083
2023-12-18,0.70557090878241,-2.8841003861541297,1.2414276946833585,1.2397545605010822
2023-12-19,0.20021370993199,-2.8520698664465205,1.2275183052000986,1.2259859749576087
2023-12-20,-1.28294649864061,-2.854591013031492,1.2283178401189412,1.2270697108051594
2023-12-21,1.08578547760771,-2.889726964741256,1.2433248276036752,1.2421731921468098
2023-12-22,-0.08798689463234,-2.7264897860655326,1.1736085010048984,1.172004331978798
2023-12-26,0.38282772733885,-2.7287684939937455,1.1743612856808816,1.1729838535514916
2023-12-27,0.07020588709151,-2.6672122263863223,1.146056544927544,1.1465233794778096
2023-12-28,0.35540207013238,-2.6478572829619695,1.1358100102537392,1.1382034959211282
2023-12-29,-0.24095975203669,-2.6669777625511686,1.146043120500944,1.1464225932464078
2024-01-02,-2.75805191101148,-2.6040546456298497,1.118617322524397,1.1193745676164224
2024-01-03,-0.64627188802407,-2.7757535010410628,1.1914279302899509,1.1931807499708156
2024-01-04,-0.58310749799684,-2.791173360415805,1.198397398506422,1.199809104890047
2024-01-05,0.43561371992015,-2.730368658705434,1.1679663649645287,1.1736716976738366
2024-01-08,3.3028737280430502,-2.6532221643965466,1.133790639234105,1.1405096348672603
2024-01-09,0.76560144396619,-2.921657057319984,1.2553170161463354,1.2558986082528998
2024-01-10,1.16159955993193,-2.9202970901707657,1.2550707500645397,1.2553140150523754
2024-01-11,0.1486594357862,-2.910770004261264,1.251270886238108,1.251218717863244
2024-01-12,0.22102276276928,-2.9052072441394836,1.2489951139231898,1.2488275191161202
2024-01-16,1.12750850303194,-2.9052450764934656,1.2490640085612656,1.2488437816684255
2024-01-17,-0.35867929484227,-2.9257539548693106,1.2578939868075143,1.2576596937702649
2024-01-18,1.98870241683074,-2.927759544634741,1.2586676281445943,1.2585218132270366
2024-01-19,2.57489969169716,-2.995625378887601,1.2877662930918907,1.2876945070490393
2024-01-22,-0.09818822880984,-3.009849401303172,1.2939584250668554,1.2938088214962866
2024-01-23,0.53490755909606,-2.9280312289319665,1.2590450838293266,1.2586385989839122
2024-01-24,1.3519847692870899,-2.9349603247165743,1.2619204277020626,1.2616171284901516
2024-01-25,0.61350959723257,-2.9683275829690423,1.276147453364073,1.2759603222251923
2024-01-26,-0.67848084422881,-2.955246907427775,1.2705395820640364,1.2703374849499802
2024-01-29,0.84727185756868,-2.983288426850157,1.2825182868388945,1.282391365513283
2024-01-30,-1.05762468604289,-2.8839331275645446,1.2399537512555687,1.2396826630039575
2024-01-31,-3.07308548209283,-2.914659850237009,1.2531085269868971,1.2528908005380455
2024-02-01,1.52713223946038,-3.0405520454766357,1.3071367639569893,1.3070066086871308
2024-02-02,1.76363615860943,-2.9414693742679807,1.2650701164161748,1.2644150976262551
2024-02-05,0.8392293926393599,-2.9678979137111505,1.2762727556927804,1.2757756253177839
2024-02-06,-0.39618713152780005,-2.95364774674463,1.27012584967342,1.269650072417663
2024-02-07,1.3932917055760399,-2.8724927457271807,1.2357684403752258,1.234764919632459
2024-02-08,-0.33894425103421,-2.8557902261983674,1.2287663855895117,1.2275852025681315
2024-02-09,1.6972632368871798,-2.826979253902871,1.216502082035791,1.2152005662817913
2024-02-12,-0.73851749504395,-2.8481599565090976,1.22537953165884,1.2243052676218518
2024-02-13,-1.17896113087957,-2.8301236250420776,1.2177481323941317,1.2165522003921898
2024-02-14,1.06886077563602,-2.855235920678642,1.2283370913386098,1.2273469297260038
2024-02-15,-1.00476411999606,-2.861021999362595,1.2306113193046717,1.229834123816156
2024-02-16,-0.8143384501325399,-2.823285892244749,1.2147355804039888,1.2136129440266095
2024-02-20,-1.5279457711389899,-2.809043942179591,1.2084750159504003,1.2074909232299436
2024-02-21,-0.40388482649910995,-2.8344310759882103,1.2182864008746674,1.2184037940399837
2024-02-22,5.12426292570136,-2.795344264463066,1.2013857649657067,1.2016020027166374
2024-02-23,-0.61242900000446,-3.3236353716369775,1.4286923330446961,1.4286923330446961
2024-02-26,-1.0456901196255,-3.313698985114307,1.424421094581922,1.4244210945796547
2024-02-27,0.39731430344827,-3.318427311155942,1.4264536048909278,1.4264536048909444
2024-02-28,-0.82122203825365,-3.136814168744755,1.348468915516404,1.3483856837353148
2024-02-29,1.74046390983726,-3.126812296198482,1.344030327422628,1.3440862955578707
2024-03-01,1.0439730287468099,-3.1311564029886068,1.346022170076864,1.3459536460253567
2024-03-04,-0.39399112683726,-3.3016747968458953,1.4192523971537079,1.4192523971537079
2024-03-05,-1.50347181043662,-3.0973075961407046,1.331622792128423,1.3314034546177804
2024-03-06,0.54213240740566,-3.276963144134038,1.4086298875163827,1.408629887516345
2024-03-07,1.62450709192599,-3.087783941117839,1.32747522436883,1.327309632223831
2024-03-08,-1.08958410721007,-3.267778704510653,1.404681879686101,1.4046818796857572
2024-03-11,-0.31164028528855,-3.2653348903114185,1.4036313858082738,1.4036313858079907
2024-03-12,2.4131867521123103,-3.2554789709474963,1.3993947368210091,1.3993947368210091
2024-03-13,-0.87899600443315,-3.2632016654861173,1.402714401357951,1.4027144013581991
2024-03-14,0.24040083010587002,-3.2558355854424295,1.3995480305303947,1.3995480305303947
2024-03-15,-0.62875720501447,-3.2702278114285845,1.405734648407689,1.405734648682716
2024-03-18,1.0146802967457,-3.2656825319552554,1.403780822360465,1.4037808224626356
2024-03-19,0.30779975823746,-3.261081974354267,1.401803234474898,1.4018032344792024
2024-03-20,0.96420440468951,-3.254692207581958,1.399056540024363,1.3990565400386974
2024-03-21,-0.9284589273134299,-3.249692480822082,1.3969073658729199,1.3969073658693194
2024-03-22,1.09353014993266,-3.2491865956370316,1.3966899069132823,1.3966899069111405
2024-03-25,-0.5629586344155,-3.230692624552008,1.3887401194820035,1.3887401194819287
2024-03-26,-0.78123860845804,-3.2422290116300396,1.393699131505845,1.393699131505351
2024-03-27,0.23093398107729,-3.239555472643915,1.3925498885167766,1.3925498885155307
2024-03-28,-0.25558164283074003,-3.2345221241690183,1.3903862618256255,1.3903862617720577
2024-04-01,0.5431974818638,-3.229324644757384,1.388152081989212,1.3881520819790734
2024-04-02,-0.91518671330549,-3.2248522803405764,1.3862295989030398,1.3862295989030409
2024-04-03,0.13858142895277,-3.2214532276224257,1.3847684859485059,1.384768487795764
2024-04-04,-2.29391878379846,-3.2100838532910947,1.379881267591856,1.379881267591856
2024-04-05,1.54058870852903,-3.222798310725572,1.3853466829651777,1.3853466829651777
2024-04-08,-0.27282143829951,-3.2235260073241236,1.385659489406005,1.3856594894059822
2024-04-09,0.14580734803162002,-3.223144637691004,1.385495554494366,1.385495554494366
2024-04-10,-0.3838523880934,-3.2155512344586166,1.382231466901489,1.3822314669014826
2024-04-11,2.84454502530233,-3.2120576349750736,1.3807297140799792,1.3807297140800205
2024-04-12,-1.22343792817071,-3.2262356831066494,1.3868242660985666,1.3868242660985666
2024-04-15,-2.1141597945367097,-3.2328185606426656,1.3896539708084956,1.3896539708084565
2024-04-16,-0.03543328299991,-3.2499446069798936,1.3970157443971505,1.3970157443971505
2024-04-17,-1.7103410123883702,-3.249756425806047,1.3969348531530048,1.3969348531530048
2024-04-18,-0.36099829566997,-3.0014650323013012,1.2903529871986565,1.2902047306827715
2024-04-19,-3.5236613036908495,-2.9896259365197513,1.2852234068459474,1.2851155968031573
2024-04-22,1.46851266365345,-3.0976459674908274,1.3315740434931265,1.3315489063594992
2024-04-23,1.7447536415629599,-3.098866819864098,1.3320897497418167,1.3320736999154819
2024-04-24,-0.13236999148184,-3.1055755870817547,1.3349652731003605,1.3349575193530294
2024-04-25,0.09838475463407001,-3.272848424554353,1.4068611410508658,1.4068611410508658
2024-04-26,3.2049731730286504,-3.2602901533882815,1.401462863645249,1.401462863645235
2024-04-29,0.15626216833327,-3.2884217390760124,1.4135554599424804,1.4135554599424804
2024-04-30,-2.0889397245972,-3.121213796796682,1.3416963542291558,1.341679733983709
2024-05-01,-1.46644355067052,-3.13987040400836,1.3497070539807763,1.3496994319058737
2024-05-02,1.8840580645014398,-3.145875867876415,1.3522852814981239,1.3522809305437467
2024-05-03,3.3183350610259303,-3.150803432553483,1.3544012824304161,1.3543990852410959
2024-05-06,1.29844720163697,-3.1971498313548468,1.374324883288256,1.374321470589621
2024-05-07,-0.30013353663547,-3.191641990565954,1.3719560588406052,1.3719538793749306
2024-05-08,-0.11357489629781001,-3.182231986200065,1.36791016414702,1.3679089106619995
2024-05-09,-0.008284407947327843,-3.173314328451481,1.3640766035767853,1.3640755812411962
2024-05-10,0.04805746429496,-3.164039523944654,1.3600891169935139,1.3600887293131927
2024-05-13,0.5424982362909601,-3.1559037078722842,1.3565916050611868,1.356591481045573
2024-05-14,0.8276291963747601,-3.1490376901745916,1.3536400935279864,1.3536400661801056
2024-05-15,2.08728180855122,-3.143929258946803,1.3514441698560868,1.3514441644902542
2024-05-16,0.15399155704995002,-3.1520977006886532,1.3549554377961226,1.3549554371735015
2024-05-17,-0.17280438562291,-3.145191244687372,1.3519866406389756,1.3519866395665965
2024-05-20,1.19031425689826,-3.1378545356465826,1.3488328941274275,1.3488328941088952
2024-05-21,0.5386112054332499,-3.1341345893410386,1.3472338442217624,1.3472338442217076
2024-05-22,-0.30967416890424,-3.127348967587256,1.3443169882251225,1.3443169882220087
2024-05-23,0.37622421854732,-3.1207329016114267,1.341473017190408,1.3414730171849785
2024-05-24,1.6572292811346399,-3.1222887983804184,1.3421418324710863,1.342141832363634
2024-05-28,1.8141750647254502,-3.1242379468250796,1.3429796900475641,1.3429796900488113
2024-05-29,-0.29461327570158996,-3.1260179796506766,1.3437448519768502,1.343744851977283
2024-05-30,-1.70112426704568,-3.1330597471342663,1.3467712566717562,1.3467718143512972
2024-05-31,0.06388280391543,-3.143582035400309,1.3512947329403246,1.3512949075582326
2024-06-03,0.97205660220377,-3.1215812503946574,1.3418376869717705,1.3418376869717705
2024-06-04,0.2923619354687,-3.1159565552850834,1.3394198649553928,1.3394198649545483
2024-06-05,2.25596466749323,-3.1073403301307216,1.3357161088437326,1.3357161088437326
2024-06-06,-0.27586328684927997,-3.135694520817481,1.3479043729152176,1.347904393752949
2024-06-07,0.17372877449852,-3.128965228482058,1.3450117433490227,1.3450117514226623
2024-06-10,-0.57935519887371,-3.1202244075483687,1.3412544313377983,1.3412544367788697
2024-06-11,2.2854875756062096,-3.1167146717598677,1.3397457462295252,1.3397457476323902
2024-06-12,2.21729554453735,-3.1259695734245962,1.343724041295085,1.343724044158031
2024-06-13,0.6274045854105,-3.1253434181933977,1.3434548861080642,1.3434548861192932
2024-06-14,0.27797741189697,-3.119563896895754,1.3409705107762346,1.3409705107762346
2024-06-17,0.7300554545285199,-3.114068422116261,1.3386082351940722,1.3386082351936293
2024-06-18,-0.1921203412172,-3.108298753953816,1.336128095302761,1.336128095302761
2024-06-20,-0.85045124359669,-3.1017676641071708,1.3333206519622685,1.3333206519622685
2024-06-21,-0.5619376960638199,-3.101400181282342,1.3331626864108006,1.3331626864108006
2024-06-24,-1.42423877859584,-3.098757306397061,1.3320266246400148,1.33202662464
2024-06-25,2.0160942993297097,-3.10885396851293,1.3363667588461074,1.3363667589030375
2024-06-26,0.5224424502206,-3.1170459687736836,1.3398879368039163,1.339888158411755
2024-06-27,0.014301658527019999,-3.1098475541557447,1.3367938599606288,1.3367938599629872
2024-06-28,-1.00055798662128,-3.1027041380156835,1.3337232030674184,1.3337232030677855
2024-07-01,1.32911756836586,-3.1039878614729726,1.33427502228257,1.3342750222826218
2024-07-02,0.9410873597131201,-3.1027156839063936,1.3337281661650238,1.3337281661650244
2024-07-03,1.1867347530135999,-3.0987793058365667,1.332036081282212,1.332036081282212
2024-07-05,1.45973757509185,-3.0962231862756453,1.3309373120098116,1.330937312009807
2024-07-08,0.76934089427183,-3.0960088634380445,1.3308451835538728,1.3308451835538728
2024-07-09,0.14868727524849001,-3.0898675254273056,1.328205278285045,1.3282052782846443
2024-07-10,2.00543588671165,-2.908490975109221,1.2506648901213866,1.2502390582098128
2024-07-11,-3.01110855444041,-3.0893086653629234,1.3279650476335627,1.3279650476335803
2024-07-12,0.55261213505724,-3.1201715695648047,1.34123172393177,1.34123172393177
2024-07-15,0.41085667665415,-3.113566555636901,1.3383925037095463,1.3383925037095463
2024-07-16,-0.86209831519283,-3.0411656242685363,1.3072310023576235,1.3072703606387401
2024-07-17,-3.7864727523293,-3.048307090796402,1.3103344397483527,1.3103401794769094
2024-07-18,-0.7961028673125999,-3.1537947483636106,1.3556849272416642,1.3556849272441374
2024-07-19,-0.9556769876362401,-3.1508536007585675,1.354420650461691,1.354420650461691
2024-07-22,1.8204737709758299,-3.1503495721126926,1.354203989552431,1.3542039895523321
2024-07-23,-0.006758275227307809,-3.151428000614937,1.3546675610217063,1.3546675610217063
2024-07-24,-4.59867601533306,-3.1466284651501026,1.352604440747051,1.352604440747051
2024-07-25,-2.01310430200221,-3.2106050211644463,1.3801053007362032,1.3801052959408262
2024-07-26,0.68776666587197,-3.218735019250307,1.383600043878236,1.3836000432985112
2024-07-29,0.061597672834150005,-3.2134469335943767,1.3813269163954143,1.3813269156571388
2024-07-30,-1.63846386997018,-3.203824704118549,1.3771907203081324,1.3771907202139724
2024-07-31,3.1250505749579003,-3.2082234409627244,1.3790815538652497,1.3790815538649752
2024-08-01,-2.8857632960771,-3.239464782865434,1.3925109047592779,1.392510904759278
2024-08-02,-1.0346566975609401,-3.5415717689723354,1.4998687756025177,1.5223741077127317
2024-08-05,-4.15885928258394,-3.4703526544068426,1.5074272378032632,1.4917599784330098
2024-08-06,0.36977673881004003,-4.1872813257881,1.6598982975304626,1.799937736102571
2024-08-07,-0.84999744036137,-3.957971754993208,1.7566520231596412,1.7013671081437423
2024-08-08,2.8131990923049797,-3.821486192401471,1.681312205015965,1.6426976528508572
2024-08-09,0.56291429915294,-3.9870317110065505,1.6941319759358775,1.7138587721539342
2024-08-12,1.11413295724785,-3.8147831244329518,1.6884772290601369,1.6398162832829963
2024-08-13,2.70918218985023,-3.6950836635763915,1.6227347867278146,1.5883624735616482
2024-08-14,0.18004954674124002,-3.8236662354714315,1.6207871062847008,1.6436347625128676
2024-08-15,2.05481599981271,-3.6774086117251694,1.6244517568078876,1.5807647053824117
2024-08-16,0.527357119451,-3.684497176055201,1.5879912928939852,1.5838117837704426
2024-08-19,1.78463619720348,-3.557733403689653,1.5682536986700413,1.5293213209380887
2024-08-20,-0.03052686143758,-3.54892033607061,1.5336341216535283,1.5255329504551587
2024-08-21,0.1132683062898,-3.440367914186491,1.5122260048051828,1.4788707882328063
2024-08-22,-2.10286013405873,-3.362146289247278,1.473529422016059,1.4452465715745544
2024-08-23,1.66016032468115,-3.473960353511556,1.4653873819678818,1.4933107779264865
2024-08-26,-0.89134528779339,-3.4549955811530753,1.4919742398101532,1.4851586126505603
2024-08-27,0.31694121648429996,-3.407356654983836,1.4808247038817846,1.4646806236529428
2024-08-28,-1.27297006057157,-3.340487789829882,1.4619947895206236,1.4359364852976573
2024-08-29,-0.89290252317159,-3.3390188575109825,1.4363877086172652,1.435305052511834
2024-08-30,0.80423803786171,-3.3069326759597426,1.4321895498128148,1.421512540261503
2024-09-03,-4.71210316952153,-3.2560268943785293,1.4165887322314126,1.3996302662691829
2024-09-04,-0.41983903538529,-3.806999608195044,1.483076377795873,1.6364704740320404
2024-09-05,0.33621699935591,-3.7461292107895536,1.6086934257856045,1.6103048269743803
2024-09-06,-2.45497823289462,-3.63946581215308,1.5880782641752405,1.5644546771207384
2024-09-09,0.99796696495962,-3.7626154716194744,1.6154279189719958,1.617391583436682
2024-09-10,1.09309311856239,-3.7217755315782695,1.5981928813543946,1.599836195226291
2024-09-11,3.13269577111669,-3.7184923907382457,1.5968950000814237,1.5984249098047685
2024-09-12,1.01843345804975,-3.784225285177221,1.5864976845480796,1.6266807416915094
2024-09-13,0.5382984953019,-3.7056010566253006,1.615072250780259,1.5928834625187471
2024-09-16,-1.1514750335389101,-3.6332753296894134,1.5856868469930512,1.561793646699302
2024-09-17,0.11813346570776001,-3.597014866229296,1.556699706921292,1.5462067846204448
2024-09-18,-0.22320182068200997,-3.5146672178742007,1.5337517473239628,1.5108089624486223
2024-09-19,3.10266819600439,-3.466592327778776,1.5099584295309256,1.4901435707280284
2024-09-20,-0.52589371828895,-3.8086102775105224,1.6361817817982105,1.6371628336457729
2024-09-23,-0.37736291193151,-3.7650218474681325,1.6176295709410298,1.6184259841277868
2024-09-24,0.79717167637559,-3.7269326623201966,1.601265218749367,1.602053030807708
2024-09-25,0.64188416661635,-3.7539875307209862,1.6133818879772852,1.6136827912157226
2024-09-26,0.60047808675898,-3.3933264503496967,1.4762821464345204,1.458649623392535
2024-09-27,-0.6422871673506,-3.3404963879745067,1.4523037232162959,1.4359401812817019
2024-09-30,0.97284023649848,-3.3045636464149766,1.4305058270866848,1.4204941931900261
2024-10-01,-2.3543190736603803,-3.2737161732800772,1.41724528076297,1.407234150064439
2024-10-02,0.07949428791165,-3.4025963874233525,1.4235471794364474,1.4626343830138697
2024-10-03,0.66080238252067,-3.3537292688303557,1.458730939097795,1.4416284452784633
2024-10-04,1.05831484942471,-3.311102031622727,1.4373262666295166,1.423304772502222
2024-10-07,-1.00684633337205,-3.286337071507785,1.4208305600116338,1.4126593482338707
2024-10-08,1.8798759609498,-3.2812838695646467,1.4121952739907386,1.4104871873117981
2024-10-09,0.28143848507508,-3.3078631219554184,1.4112400218276244,1.4219125002185062
2024-10-10,-0.23671113792696,-3.2639721492880356,1.4179764360371956,1.403045600234565
2024-10-11,0.17769150580971,-3.221198320682766,1.3970728792555036,1.3846589139257062
2024-10-14,1.14715783015888,-3.178413378716575,1.379581316521623,1.366267450446139
2024-10-15,-1.14161709572446,-3.1581861807076295,1.3607698084876079,1.3575726209949395
2024-10-16,0.14588788910599998,-3.1716830201815567,1.3572047839708041,1.3633743498010802
2024-10-17,0.06711393646936001,-3.129573180575892,1.358344594223299,1.3452730846912666
2024-10-18,0.63918918921499,-3.0780971593770303,1.3353883461293645,1.3231456884521786
2024-10-21,1.22724499938061,-3.038926344161905,1.3157515509405855,1.3063077874433815
2024-10-22,0.26808867656158,-3.026649753597189,1.298769617550415,1.3010305927891737
2024-10-23,-1.6846817480769198,-2.9735821744818516,1.2900725802262771,1.2782190521303127
2024-10-24,0.14354733579112,-3.0882385907063,1.2937305526223823,1.3275050671342903
2024-10-25,0.87271232820674,-3.050733020039198,1.3247729645221493,1.3113829853572623
2024-10-28,0.37519781944832,-3.0159360571278255,1.3043844450300792,1.2964252211726088
2024-10-29,1.08611037364584,-2.973928546713751,1.2906068460478133,1.2783679431176687
2024-10-30,-1.39100562057196,-2.9485440596823977,1.2695173937066775,1.2674562100468703
2024-10-31,-3.6860191411437695,-3.0244546894065545,1.280099377862035,1.3000870261733941
2024-11-01,0.08079392400251,-3.7084408063833787,1.5943376995403113,1.5941041525925603
2024-11-04,-0.39575747008170997,-3.6726079709463777,1.5786008678548527,1.5787011099793506
2024-11-05,1.06774584162285,-3.6458227073459297,1.5669824450282093,1.5671872414391643
2024-11-06,2.05836116033141,-3.627071098776403,1.5588404624237073,1.5591267063924623
2024-11-07,2.03775459831722,-3.642272321053333,1.5652784967742135,1.5656610783350926
2024-11-08,-0.70078483947383,-3.6579349764425526,1.5720006247783709,1.5723938011423715
2024-11-11,-0.82188560279725,-3.6185255121830715,1.5551538305751074,1.5554533148551564
2024-11-12,0.56650243789221,-3.6047154733284397,1.5492546173070672,1.5495169546879024
2024-11-13,-0.5670302012460801,-3.5768621321969887,1.5373418126508143,1.5375439641295
2024-11-14,0.28001687320241003,-3.5614937731977303,1.5307515468561244,1.5309377470753995
2024-11-15,-2.37815346752787,-3.5374016171062643,1.5204415604334545,1.5205815332174877
2024-11-18,0.7295798323943,-3.5703684458131133,1.5345746352907492,1.5347525989788546
2024-11-19,1.37878552715663,-3.54752655680037,1.5248062263262774,1.524933822832935
2024-11-20,-0.51486445988711,-3.541205548663002,1.5220971084773331,1.5222166848640597
2024-11-21,-0.77286854275055,-3.5262989778597067,1.5156964702035072,1.5158089713102814
2024-11-22,-0.40484535254317006,-3.513874123711808,1.5103738520608039,1.51046804432058
2024-11-25,0.09692748629144,-3.2827763738774896,1.416931364651097,1.4111287527154497
2024-11-26,0.81636832978312,-3.242222996756832,1.4017711761248297,1.3936965459620303
2024-11-27,-0.63299173703077,-3.2134209500443736,1.386944299316053,1.3813157464118626
2024-11-29,0.7979092742772,-3.194809671237656,1.377509157379745,1.3733155332819191
2024-12-02,1.34633498980216,-3.1643841639808965,1.3659143371340308,1.3602368757018253
2024-12-03,0.62510910462595,-3.1692824510570365,1.3607714658147012,1.3623424451786859
2024-12-04,1.49093983849794,-3.14442240780886,1.35870918928264,1.351656148633967
2024-12-05,-0.04724396125,-3.1539942099831273,1.3511443101216944,1.3557706674817613
2024-12-06,-0.34709393338984,-3.123425806678413,1.3513508210235528,1.3426305848458755
2024-12-09,-0.40380182432834005,-3.100082072917263,1.3390622930542329,1.3325960865571038
2024-12-10,-0.03764334471057,-3.075335207000007,1.327496843064224,1.3219584402302582
2024-12-11,1.76392537866315,-3.045958739990964,1.317232832842979,1.3093307213336787
2024-12-12,-0.27694424644505,-3.0998794382263144,1.3165423356307164,1.3325089823483096
2024-12-13,-1.02416549597252,-3.0743194616667884,1.3286178304971943,1.3215218136429137
2024-12-16,0.75691052994942,-3.09107754814301,1.3236258150136664,1.3287254166221676
2024-12-17,-0.008507617649811334,-3.0681755548605447,1.3244729149871572,1.3188808041555529
2024-12-18,-2.6680561822417697,-3.0297708662769725,1.3109500968290775,1.3023722290571675
2024-12-19,0.21572891170820999,-3.246291211035179,1.3372585734847464,1.3954453017365829
2024-12-20,1.42390180531202,-3.209930025988895,1.3918031675255838,1.3798151436454265
2024-12-23,1.41496851566356,-3.21078971639954,1.37830533007806,1.380184688725179
2024-12-24,0.90939697591937,-3.207805377410486,1.3774498591656152,1.3789018457667568
2024-12-26,-0.14940067875222,-3.177051778563094,1.3730302302548518,1.365682155285138
2024-12-27,-1.4823277914716,-3.1337856646196953,1.35816021473203,1.3470838560255152
2024-12-30,-0.9906587779877,-3.1681534146239296,1.3479832886881242,1.3618571194689304
2024-12-31,-1.19206640510758,-3.173623554177658,1.3642380830805803,1.3642085044938308
2025-01-02,-0.3797604310677,-3.1815429668241904,1.3630080419840807,1.3676127299473424
2025-01-03,1.6752788738744,-3.144545323276017,1.362179647042145,1.3517089848707693
2025-01-06,1.8394433830961399,-3.166072035433042,1.3513861730251957,1.3609624212966953
2025-01-07,-2.21745468216694,-3.2144568590857983,1.3672025434743313,1.381761040537038
2025-01-08,-0.35609021189080003,-3.327823946658852,1.389779883729347,1.430492826886831
2025-01-10,-2.3323539138678298,-3.2797203491865146,1.4264120575420873,1.4098150950612887
2025-01-13,-0.77429123779081,-3.38771887832817,1.415648615239762,1.4562391618772559
2025-01-14,-0.65927542416048,-3.344792676558343,1.4506765518722926,1.4377869766951383
2025-01-15,2.67157534156129,-3.3026808688305147,1.4326805529931035,1.4196848655716285
2025-01-16,-2.0591892211114,-3.4197538331600206,1.4280801190730519,1.470009653895806
2025-01-17,1.58848129661877,-3.481345811650932,1.4747714825181177,1.496485478590041
2025-01-21,-0.33152823333974,-3.4817461629192845,1.502205232174362,1.4966575729155802
2025-01-22,2.18846802602778,-3.4138270336780443,1.489845505920154,1.467461969799153
2025-01-23,-0.06517182939676,-3.463807702542889,1.4709496881146484,1.4889465763889786
2025-01-24,-0.74481527534299,-3.3967237578546694,1.4832448545015555,1.4601099843053986
2025-01-27,-4.59613631001515,-3.354923094569048,1.4563001044308221,1.4421416212105815
2025-01-28,3.6835084804062,-3.862326190945398,1.470741839631471,1.6602530662091306
2025-01-29,-0.68998267225211,-4.287269260796544,1.7468860640190556,1.8429183823439113
2025-01-30,-1.12787380055428,-4.108803902202944,1.8189329835337484,1.7662035622668923
2025-01-31,-0.9755313877422501,-4.023262249439941,1.7679411858968215,1.7294327707109334
2025-02-03,-2.22357870652539,-3.90279394028466,1.7145486642564585,1.6776484651478842
2025-02-04,1.8682548193081598,-3.960229425674458,1.6874207437220559,1.7023375866806982
2025-02-05,-0.69711775417101,-3.933773023027668,1.7047463890151686,1.6909650817591384
2025-02-06,0.69094946999194,-3.820550279816951,1.6816472492894652,1.6422953430351312
2025-02-07,-1.64138826235892,-3.709254740767486,1.6319413005172114,1.5944540290633968
2025-02-10,1.1048868809701,-3.7095935830454945,1.5978799544088809,1.5945996832373874
2025-02-11,0.45055584309610996,-3.634606834583233,1.5878316671022117,1.562366005162401
2025-02-12,0.06889236737531,-3.544004270240251,1.5569694319457463,1.523419738632793
2025-02-13,1.50401990781903,-3.454001203388889,1.516554061774193,1.4847311710906448
2025-02-14,0.80343309978378,-3.4357784344631757,1.4813441187547112,1.4768979621673117
2025-02-18,0.15472919004349,-3.3619725325597614,1.4686504250261292,1.4451718808159384
2025-02-19,0.47857450087701997,-3.266622936527667,1.432698215093267,1.4041850631967516
2025-02-20,0.2905414356256,-3.1908698830699316,1.3947447653585967,1.3716219825401372
2025-02-21,-2.05056402861777,-3.0878279139483182,1.3499814309643259,1.3273285343110766
2025-02-24,-0.97917996454606,-3.3071512446268296,1.3690621682369628,1.4216064938225874
2025-02-25,-1.66702474076259,-3.274789844419347,1.4188165234115455,1.4076956765417346
2025-02-26,-0.13916120452123001,-3.334630126972495,1.4111481014751404,1.4334185201546314
2025-02-27,-3.51340924484033,-3.2524040432674215,1.4286130213593506,1.3980729535596201
2025-02-28,1.8408456507931599,-3.682397971669334,1.423284780727312,1.5829094232897545
2025-03-03,-3.3143519754444504,-3.691810386125982,1.5848563456352318,1.586955428000262
2025-03-04,0.6780122756246,-4.021125206928614,1.6080888789762424,1.7285141451970223
2025-03-05,1.28263580525445,-3.8824531882089026,1.7170100712642196,1.6689048235357526
2025-03-06,-1.84103761724082,-3.814997051876112,1.6683565759057755,1.6399082417753386
2025-03-07,0.9049725285851601,-3.828538826426687,1.6408866643220505,1.6457292862982513
2025-03-10,-4.431084954659,-3.7300327332082817,1.6386126833497388,1.6033856220863716
2025-03-11,-0.69064242210543,-4.41391833907633,1.6479884394294158,1.8973595429686974
2025-03-12,1.58004174168131,-4.232719714011431,1.8770663743164133,1.8194698055451366
2025-03-13,-2.00297815542072,-4.190992957200746,1.8297041216073306,1.8015332117638265
2025-03-14,2.75339814234388,-4.197651007903757,1.8039582954840618,1.8043952302853499
2025-03-17,-0.016330014560959998,-4.3329520708386955,1.8186370357184063,1.8625555185400562
2025-03-18,-1.67684965403029,-4.1362329879381665,1.841477472110035,1.7779941831113915
2025-03-19,1.5837882157007301,-4.088501541292223,1.7725083914280146,1.7574764234166498
2025-03-20,-0.07748853872639,-4.021107196256857,1.7507208868060935,1.7285064031598325
2025-03-21,0.76529241889,-3.868314996290004,1.714239806384816,1.6628274040420203
2025-03-24,2.07433623736657,-3.7567015848094862,1.65410495927425,1.6148494499595785
2025-03-25,0.7549795890994401,-3.8022460588165043,1.618802443212177,1.6344271212594033
2025-03-26,-2.72175212687382,-3.699767059110511,1.6268811074982594,1.5903756701202458
2025-03-27,-0.66596695963639,-3.8944693098953223,1.6076170285594849,1.6740700534742776
2025-03-28,-2.97083255725697,-3.7919823681617357,1.6674007592785625,1.6300151883884433
2025-03-31,0.08380345805371,-4.018246482544347,1.6490632517645782,1.7272767015556865
2025-04-01,1.17180626310936,-3.886590761922421,1.716867596814898,1.670683394040916
2025-04-02,0.15524934452435,-3.8182366209840275,1.667543954980466,1.641300797525089
2025-04-03,-6.66572666323911,-3.707138233459567,1.6335780148081525,1.5935442307776215
2025-04-04,-6.08877083366149,-5.156424870392078,1.7064529711174687,2.216532156661258
2025-04-07,-0.66550246388391,-6.577689942681258,2.42860069170901,2.8274747797094864
2025-04-08,-2.98204817158874,-6.225335069814321,2.782064463321844,2.676012104329428
2025-04-09,13.67376263156171,-6.274255106769998,2.692686871594725,2.6970407894635664
2025-04-10,-4.52813809182872,-13.513344236563626,3.3262899309584992,5.808823515758671
2025-04-11,3.17051265868216,-13.055517675134048,5.735794857008527,5.612022957020937
2025-04-14,0.88412932674325,-12.41298774034291,5.57291949643347,5.335826115628049
2025-04-15,-0.10161234322571,-11.548387729875653,5.271941612878805,4.964170603520372
2025-04-16,-4.61413622275273,-10.826421429754758,4.950231684250927,4.653827379199906
2025-04-17,-0.72376922550993,-10.84554866547909,4.650338249088904,4.662049380706115
2025-04-21,-2.6772694790302602,-10.103108863762222,4.6197143862820935,4.342905451287142
2025-04-22,2.42031267270371,-9.878840883189845,4.3885931792189705,4.246501992855611
2025-04-23,2.82535495476779,-9.420920375720039,4.214024403650699,4.049661050630404
2025-04-24,2.90081181488109,-9.08549560068692,4.026891212866584,3.9054759187436203
2025-04-25,1.71299544301702,-8.709978511008293,3.8526730694556766,3.744056771646605
2025-04-28,-0.49450960336868005,-8.022063375961052,3.6386457989801144,3.448350724101643
2025-04-29,0.32145556049432,-7.669878477926319,3.503730731673475,3.2969611138182113
2025-04-30,0.26631218684919,-6.727489960477301,3.1018375651013503,2.8918675644119056
2025-05-01,2.54457250929509,-5.96345900151536,2.7593462509205784,2.563442496309418
2025-05-02,0.43868625524517996,-5.911782156477144,2.570319225098911,2.5412287742711683
2025-05-05,-0.82573774976629,-5.290380079324774,2.4460890841700116,2.274113918369157
2025-05-06,-0.54587150235976,-5.234182588794935,2.3854142975876687,2.249956959232936
2025-05-07,-0.72607462578717,-4.566530212114938,2.0943784310862164,1.9629610270552207
2025-05-08,0.9378559258572601,-4.081332246346435,1.852132939134733,1.754394642301371
2025-05-09,0.04537213526422,-3.7627008146604286,1.6939004801567108,1.6174282688532986
2025-05-12,4.48764436412092,-3.45516764900053,1.5770828268910695,1.4852325774472164
2025-05-13,1.90877577557345,-5.3740542433453475,1.8597917029118447,2.3100819543427416
2025-05-14,1.9409893386695,-5.19985265783083,2.2915417183823164,2.2351999526187556
2025-05-15,-0.50573070339475,-5.064773548446048,2.2225430571056703,2.1771350729452994
2025-05-16,0.49100725717878,-4.763681996680085,2.172859784828958,2.0477083628965698
2025-05-19,-0.24748742341108,-4.424546634739613,2.0203275679230415,1.901928204337825
2025-05-20,-0.82903737277621,-4.122046677408369,1.8776525339541932,1.7718960794321867
2025-05-21,-1.09958115480396,-3.9434357999235017,1.7614715272290247,1.6951187068483429
2025-05-22,0.22050875554785998,-3.8428149473468625,1.6873709502668661,1.6518659957214117
2025-05-23,-1.6592308332538601,-3.6195382257958126,1.6389984745203197,1.5558886382322152
2025-05-27,2.7191006781899,-3.7368553416068138,1.556816961018328,1.606318377103222
2025-05-28,-0.45333678260113003,-4.179699796211633,1.6189267200815696,1.7966787524995305
2025-05-29,0.61975555122653,-3.96568517818092,1.7963696211693425,1.7046827873135622
2025-05-30,-0.5810520096493801,-3.771418684937112,1.6999670291099178,1.621175717966118
2025-06-02,0.67361382538032,-3.6208169627884508,1.61824787928484,1.55643831397371
2025-06-03,0.8330951848952901,-3.478609434516745,1.5521072417955253,1.4953092240991621
2025-06-04,0.33814272606959,-3.3800179308590557,1.4917651014086835,1.4529288454989329
2025-06-05,-0.60463505245264,-3.237861919783623,1.446694026013367,1.3918219007200727
2025-06-06,1.36537233579842,-3.1671265932867136,1.3901088631774117,1.3614157317690623
2025-06-09,0.60247958272718,-3.243179149505973,1.360976854380635,1.3941075561810137
2025-06-10,0.59273420431515,-3.1426459046690436,1.389053166676869,1.3508925039703121
2025-06-11,-0.9214198978369399,-3.0516287426736133,1.3443895587891082,1.3117680191883632
2025-06-12,0.31951369039444,-3.0645121862412164,1.3085070605707598,1.317306074657782
2025-06-13,-1.33648321480038,-2.9450645534581628,1.3071974337144392,1.2659605153302451
2025-06-16,1.91665934298632,-3.1071736809575583,1.2736054989844245,1.33564447330933
2025-06-17,-0.5636551244523901,-3.4171215114539915,1.3493747691057785,1.4688781284969599
2025-06-18,0.14439348463302998,-3.2985930016318536,1.465317588701541,1.4179276618256726
2025-06-20,-0.14162354025617999,-3.1508195557391137,1.4120178271256636,1.3544060159266613
2025-06-23,0.51465560549443,-3.022890307716967,1.3470770216610615,1.2994145636809853
2025-06-24,1.35837126662533,-2.928966205193117,1.2909335562089368,1.2590405063132433
2025-06-25,1.83098649567047,-3.0473181266061613,1.2608594856368849,1.3099150649868212
2025-06-26,0.5445261533586601,-3.322504561228933,1.320314577588852,1.4282062447770458
2025-06-27,0.62076379668471,-3.180568636942196,1.4176177607901985,1.3671939061364813
2025-06-30,0.5005443507305499,-3.0611767279954996,1.3545836823433564,1.3158723001638912
2025-07-01,-0.94578733506787,-2.938661360380379,1.302141622460514,1.2632080494805604
2025-07-02,1.5348306955712199,-2.956687713667412,1.2591517637693102,1.2709568275064889
2025-07-03,0.83350258279463,-3.0978210881774473,1.2690385773167407,1.3316241834444846
2025-07-07,-1.18336830334387,-3.014188134128138,1.320488086550208,1.2956738619201118
2025-07-08,0.19190973220349,-3.080298998714057,1.2950963373474813,1.3240921674210364
2025-07-09,1.1175433577023501,-2.9250281313467696,1.310716269923563,1.2573476924867766
2025-07-10,0.7227472625657,-2.9265810275729094,1.24984450307061,1.2580152178571085
2025-07-11,0.3872322657547,-2.846304135725634,1.25067711231205,1.2235075276087728
2025-07-14,-0.37001989320073,-2.741810120248804,1.2186926534489237,1.17858990516595
2025-07-15,1.6462577799594,-2.6407636918261,1.1634070475445941,1.135154256718761
2025-07-16,0.55671697305913,-2.8749175053138187,1.1412308602892987,1.2358072227263752
2025-07-17,0.5644831039647,-2.761451032054872,1.225215674543959,1.1870327146121367
2025-07-18,-0.09896845766319999,-2.6753209227181505,1.1825583394201094,1.1500089700991913
2025-07-21,0.47991189952019,-2.5515992709025643,1.1340096666151747,1.096826188110235
2025-07-22,-0.55136011825616,-2.4496126838987062,1.0812342032955724,1.0529864046703195
2025-07-23,0.64263605550015,-2.4260344992824976,1.0459517081989325,1.0428511257297484
2025-07-24,0.8835185686137,-2.3612892052353716,1.0306435818503814,1.0150198220930038
2025-07-25,0.46024923398406,-2.346122482159274,1.0022266166303062,1.0085002799190497
2025-07-28,0.7077977996438399,-2.241871108577199,0.9905079112649037,0.9636869591146286
2025-07-29,-0.08261142644907,-2.1827429170202977,0.9460939224339259,0.9382702137444721
2025-07-30,0.33260911163517004,-2.074251618441502,0.917135939178713,0.8916343258837508
2025-07-31,0.06601639526524,-1.950954342338038,0.8646422990670403,0.8386339653274864
2025-08-01,-2.16875190322697,-1.8195387054716907,0.8078852665460267,0.7821438598136967
2025-08-04,2.14044040983419,-2.9189980291312296,0.9477443456690298,1.2547556028501283
2025-08-05,-0.80246615122645,-3.2990119849294874,1.2744669414876695,1.4181077652841059
2025-08-06,0.9447428254989401,-3.2454896796129757,1.4275097051520838,1.3951007567821727
2025-08-07,1.47356877551272,-3.1243152593671697,1.3877483588372883,1.343012923488639
2025-08-08,1.8966850596462799,-3.1622381285739554,1.3415305611037205,1.3593143845168705
2025-08-11,-0.39629015096660997,-3.3651421477868966,1.3692481875969906,1.4465343663076844
2025-08-12,1.14110270611138,-3.1960964919888077,1.4399670750286604,1.3738686838943064
2025-08-13,0.33619147390273,-3.1264984917974936,1.3695329229351938,1.3439514041237521
2025-08-14,-0.0641181631114,-2.973511674922805,1.3486085627913476,1.278188747307963
2025-08-15,-0.54972488850516,-2.8164856667443035,1.2703965320670785,1.2106898104848347
2025-08-18,-0.18957592612933,-2.761396995442451,1.2124707639337047,1.1870094865244443
2025-08-19,-1.8049093467998298,-2.6349448794136223,1.1777883753463134,1.132652991762901
2025-08-20,-1.07746049041988,-3.0625931089751712,1.146050564879703,1.3164811433190688
2025-08-21,-0.28627399889209,-3.0714711310168563,1.3089852474741248,1.320297435001303
2025-08-22,1.56168551800728,-2.91056116624112,1.3104988807510878,1.2511289471017535
2025-08-25,-0.11224505019759,-3.039990677328209,1.260164910883046,1.306765299915261
2025-08-26,0.49969415110429005,-2.8788052027165025,1.3009431347698943,1.23747838181916
2025-08-27,0.41752940476695,-2.737549840841504,1.2292695063853525,1.1767585885968164
2025-08-28,0.63589922296674,-2.597986953172661,1.1667085726997541,1.1167663195014708
2025-08-29,-1.15321042284834,-2.50596759758603,1.1105445473195394,1.077211033461299
2025-09-02,-0.9138788647773001,-2.652662051980344,1.0766095969560323,1.1402688658823408
2025-09-03,2.3970646287050803,-2.6879855146569307,1.1383434575440259,1.1554529503740683
2025-09-04,0.49508652317852,-3.2633693917791535,1.181747801095055,1.402786499901546
2025-09-05,-1.72589050856729,-3.0673488085329557,1.3963060867007986,1.318525420364154
2025-09-08,0.054262169037289996,-3.3488650109436033,1.3232150986484756,1.4395375035319466
2025-09-09,0.50391211596195,-3.141621881277914,1.4368690090891494,1.3504523189908615
2025-09-10,0.08160468614189001,-2.964203460044054,1.3453122011889345,1.2741875336534536
2025-09-11,0.27122148642797,-2.794169298175495,1.2691479475848702,1.2010969336765844
2025-09-12,1.2571831607005601,-2.6727009904539942,1.2072779494312422,1.1488827704050735
2025-09-15,1.38716825554204,-2.7178200033804494,1.1474556156705689,1.168277553717547
2025-09-16,-0.51462055710215,-2.7897009166338043,1.1648440391739254,1.1991761626725777
2025-09-17,-0.55353880633604,-2.713210552560651,1.1964389013203374,1.1662961429099743
2025-09-18,0.5400813159839101,-2.6449030944774536,1.1602529671395234,1.136933613408078
2025-09-19,1.5948624574505899,-2.5239647814163124,1.1303900791516888,1.0849472727534137
2025-09-22,1.8798523131501599,-2.7500026496553307,1.0959614277883027,1.1821115321323832
2025-09-23,-0.98407936012345,-3.0271823976810976,1.184802401238222,1.3012595542827887
2025-09-24,-0.6419738632000299,-3.029790551415498,1.300044973300546,1.3023806908778373
2025-09-25,0.41294311300846,-2.939389477398899,1.3002583029411543,1.2635210366423881
2025-09-26,0.03274662015373,-2.774572030883248,1.2588823844117962,1.192672885187995
2025-09-29,0.38477756269511,-2.6207364527248975,1.18761993713637,1.1265453812686694
2025-09-30,0.67616398688693,-2.488722782577188,1.121344297375876,1.0697982061703883
2025-10-01,0.5102293515059699,-2.406898495366272,1.064696973883925,1.0346253551432596
2025-10-02,0.5775068888118401,-2.3084732042855847,1.0295668984041058,0.9923164244029385
2025-10-03,-0.25478424470514,-2.228781756306552,0.9865763467765385,0.9580603920750608
2025-10-06,2.59078574733417,-2.1686599628741923,0.9531164382648799,0.9322165386672173
2025-10-07,-0.18434139700745,-3.05952874341498,0.9746992067393884,1.3151639002728392
2025-10-08,1.6360820644473602,-2.8888882270333522,1.3087419048691924,1.2418126537607572
2025-10-09,-0.5392941473916301,-3.033846597852592,1.2498385945256572,1.3041242162045326
2025-10-10,-3.7086412268358395,-2.92660367896332,1.3011360073712515,1.2580249547458444
2025-10-13,1.51271068667984,-4.553197964663482,1.2963253376539186,1.9572300495001322
2025-10-14,-0.73880850007137,-4.3493752527885885,1.9475300552387806,1.86961516002066
2025-10-15,1.3918661725005599,-4.0842908596305705,1.8608855295479478,1.7556664268513729
2025-10-16,-0.25868306155938,-3.9426020889519156,1.7573135019853658,1.6947603292467428
2025-10-17,0.8817280275231101,-3.6690913031183667,1.6875473932277238,1.57718944103798
2025-10-20,1.7583594370396,-3.4712699221950563,1.5730367465277892,1.4921542736278295
2025-10-21,-0.50104193991549,-3.5351031891911893,1.4914833877859954,1.5195935348442766
2025-10-22,-0.71831750168634,-3.3559372848965805,1.5174112662167956,1.442577579365787
2025-10-23,0.6150741221493,-3.238685117362492,1.4392540113578005,1.3921757590522914
2025-10-24,2.09421138450119,-3.064906780934056,1.3909414033452159,1.3174756944714148
2025-10-27,2.40094918116853,-3.3450688226556884,1.3183989933844877,1.437905680393939
2025-10-28,1.33720504441203,-3.6966703385814625,1.4388787067131226,1.5890445190213047
2025-10-29,1.25711375978306,-3.57874050744216,1.584383133295157,1.538351399365705
2025-10-30,-0.95939628419436,-3.4568286045897203,1.533841808851506,1.4859465530343263
2025-10-31,-0.48860586168076997,-3.3861836184279306,1.4827200148997703,1.455579217628431
2025-11-03,0.5032638792836,-3.2404204022406167,1.4582279396403968,1.392921685703025
2025-11-04,-1.52870364616541,-3.045468617833677,1.3890355518762623,1.3091200382442079
2025-11-05,-0.08858740601288,-3.265214596240144,1.3115933653037712,1.4035796764000315
2025-11-06,-2.00968815034494,-3.069574308608148,1.400133711571011,1.319482070098283
2025-11-07,-0.6275780814674,-3.494698696192485,1.3256005434244604,1.5022253271701071
2025-11-10,2.73046838367657,-3.3386553722681382,1.4966427140842744,1.4351488053542614
2025-11-11,-0.0366460966681,-3.8667547685920587,1.4470984502413162,1.6621567271775
2025-11-12,0.6303932599804201,-3.6009468659308457,1.6567288445211568,1.5478969874252042
2025-11-13,-2.0447858182744802,-3.383233898854243,1.5451393211688742,1.454311256113903
2025-11-14,0.46975529676732003,-3.7455047188685167,1.4584336395734743,1.6100363839233622
2025-11-17,-0.85978706512547,-3.4975398447940598,1.6085689125856029,1.5034466185484423
2025-11-18,-1.72436498456079,-3.4211985786399226,1.5098546984134071,1.470630689767536
2025-11-19,0.46626811456528,-3.635939890207432,1.471245487383685,1.5629390302198631
2025-11-20,-2.27458991546646,-3.3938507437725307,1.5573764006578021,1.4588749952849696
2025-11-21,0.43967487624164,-3.87801596095682,1.465356217661837,1.6669974444624864
2025-11-24,2.4430977313748,-3.6186725154855166,1.6665128829137714,1.5555165054484832
2025-11-25,-0.43597737015144006,-3.9366217139584907,1.5643997474882425,1.6921896152704892
2025-11-26,1.00677279282694,-3.700689478137519,1.6871374438913647,1.5907721796179441
2025-11-28,0.25307678696121,-3.5220837419166213,1.58778334269811,1.5139970170492174
2025-12-01,0.37766881927955,-3.29388496201325,1.5114257254932224,1.415903871802203
2025-12-02,0.49797048249278003,-3.0941646312032063,1.4128494525764765,1.3300524249748926
